"id","y"
5500,0.537
5501,0.332
5502,0.457
5503,0.512
5504,0.569
5505,0.319
5506,0.595
5507,0.542
5508,0.432
5509,0.516
5510,0.413
5511,0.551
5512,0.438
5513,0.596
5514,0.536
5515,0.282
5516,0.631
5517,0.571
5518,0.604
5519,0.48
5520,0.499
5521,0.437
5522,0.613
5523,0.569
5524,0.524
5525,0.662
5526,0.502
5527,0.577
5528,0.677
5529,0.218
5530,0.507
5531,0.506
5532,0.477
5533,0.562
5534,0.596
5535,0.507
5536,0.215
5537,0.275
5538,0.633
5539,0.296
5540,0.383
5541,0.262
5542,0.476
5543,0.434
5544,0.278
5545,0.483
5546,0.471
5547,0.524
5548,0.629
5549,0.427
5550,0.52
5551,0.571
5552,0.556
5553,0.638
5554,0.593
5555,0.725
5556,0.667
5557,0.526
5558,0.683
5559,0.489
5560,0.589
5561,0.646
5562,0.491
5563,0.629
5564,0.647
5565,0.433
5566,0.604
5567,0.466
5568,0.63
5569,0.283
5570,0.379
5571,0.437
5572,0.484
5573,0.537
5574,0.626
5575,0.594
5576,0.628
5577,0.543
5578,0.527
5579,0.583
5580,0.442
5581,0.641
5582,0.538
5583,0.734
5584,0.543
5585,0.48
5586,0.478
5587,0.307
5588,0.493
5589,0.409
5590,0.463
5591,0.523
5592,0.647
5593,0.582
5594,0.693
5595,0.531
5596,0.305
5597,0.389
5598,0.572
5599,0.438
5600,0.644
5601,0.563
5602,0.53
5603,0.67
5604,0.684
5605,0.453
5606,0.334
5607,0.535
5608,0.37
5609,0.542
5610,0.467
5611,0.426
5612,0.648
5613,0.513
5614,0.423
5615,0.597
5616,0.553
5617,0.487
5618,0.598
5619,0.505
5620,0.652
5621,0.63
5622,0.44
5623,0.202
5624,0.713
5625,0.615
5626,0.421
5627,0.667
5628,0.46
5629,0.537
5630,0.428
5631,0.477
5632,0.339
5633,0.377
5634,0.591
5635,0.597
5636,0.49
5637,0.64
5638,0.5
5639,0.657
5640,0.573
5641,0.602
5642,0.561
5643,0.507
5644,0.425
5645,0.301
5646,0.53
5647,0.436
5648,0.604
5649,0.568
5650,0.464
5651,0.598
5652,0.449
5653,0.582
5654,0.374
5655,0.442
5656,0.281
5657,0.367
5658,0.593
5659,0.364
5660,0.628
5661,0.572
5662,0.341
5663,0.559
5664,0.593
5665,0.337
5666,0.501
5667,0.608
5668,0.44
5669,0.602
5670,0.633
5671,0.579
5672,0.508
5673,0.608
5674,0.463
5675,0.628
5676,0.499
5677,0.524
5678,0.518
5679,0.373
5680,0.675
5681,0.39
5682,0.304
5683,0.678
5684,0.474
5685,0.602
5686,0.393
5687,0.292
5688,0.573
5689,0.629
5690,0.49
5691,0.62
5692,0.64
5693,0.404
5694,0.337
5695,0.159
5696,0.404
5697,0.458
5698,0.502
5699,0.508
5700,0.698
5701,0.542
5702,0.322
5703,0.536
5704,0.409
5705,0.458
5706,0.545
5707,0.608
5708,0.467
5709,0.46
5710,0.502
5711,0.501
5712,0.676
5713,0.506
5714,0.532
5715,0.48
5716,0.66
5717,0.513
5718,0.651
5719,0.532
5720,0.355
5721,0.415
5722,0.363
5723,0.442
5724,0.586
5725,0.45
5726,0.491
5727,0.277
5728,0.544
5729,0.556
5730,0.536
5731,0.436
5732,0.636
5733,0.416
5734,0.07
5735,0.375
5736,0.464
5737,0.517
5738,0.45
5739,0.45
5740,0.504
5741,0.553
5742,0.442
5743,0.454
5744,0.675
5745,0.573
5746,0.471
5747,0.622
5748,0.543
5749,0.452
5750,0.545
5751,0.176
5752,0.454
5753,0.352
5754,0.261
5755,0.468
5756,0.442
5757,0.29
5758,0.628
5759,0.495
5760,0.619
5761,0.547
5762,0.463
5763,0.444
5764,0.625
5765,0.52
5766,0.519
5767,0.579
5768,0.632
5769,0.499
5770,0.506
5771,0.422
5772,0.497
5773,0.442
5774,0.59
5775,0.451
5776,0.478
5777,0.792
5778,0.591
5779,0.53
5780,0.44
5781,0.712
5782,0.374
5783,0.457
5784,0.564
5785,0.729
5786,0.663
5787,0.549
5788,0.564
5789,0.461
5790,0.661
5791,0.699
5792,0.54
5793,0.392
5794,0.595
5795,0.619
5796,0.534
5797,0.501
5798,0.496
5799,0.447
5800,0.465
5801,0.575
5802,0.492
5803,0.582
5804,0.587
5805,0.579
5806,0.401
5807,0.59
5808,0.094
5809,0.255
5810,0.339
5811,0.539
5812,0.603
5813,0.445
5814,0.511
5815,0.612
5816,0.563
5817,0.533
5818,0.513
5819,0.59
5820,0.595
5821,0.375
5822,0.543
5823,0.358
5824,0.495
5825,0.56
5826,0.329
5827,0.563
5828,0.435
5829,0.501
5830,0.568
5831,0.59
5832,0.539
5833,0.48
5834,0.62
5835,0.512
5836,0.533
5837,0.492
5838,0.115
5839,0.54
5840,0.19
5841,0.505
5842,0.487
5843,0.607
5844,0.705
5845,0.599
5846,0.656
5847,0.586
5848,0.313
5849,0.518
5850,0.229
5851,0.589
5852,0.503
5853,0.637
5854,0.609
5855,0.46
5856,0.634
5857,0.533
5858,0.476
5859,0.445
5860,0.467
5861,0.597
5862,0.635
5863,0.513
5864,0.633
5865,0.47
5866,0.592
5867,0.583
5868,0.575
5869,0.385
5870,0.58
5871,0.532
5872,0.268
5873,0.524
5874,0.482
5875,0.544
5876,0.764
5877,0.519
5878,0.665
5879,0.603
5880,0.379
5881,0.66
5882,0.628
5883,0.533
5884,0.632
5885,0.552
5886,0.522
5887,0.553
5888,0.358
5889,0.523
5890,0.372
5891,0.391
5892,0.577
5893,0.553
5894,0.689
5895,0.557
5896,0.558
5897,0.744
5898,0.642
5899,0.59
5900,0.596
5901,0.468
5902,0.49
5903,0.53
5904,0.584
5905,0.557
5906,0.533
5907,0.408
5908,0.349
5909,0.475
5910,0.586
5911,0.643
5912,0.443
5913,0.616
5914,0.621
5915,0.678
5916,0.58
5917,0.716
5918,0.545
5919,0.386
5920,0.387
5921,0.346
5922,0.581
5923,0.433
5924,0.408
5925,0.506
5926,0.563
5927,0.384
5928,0.435
5929,0.633
5930,0.537
5931,0.371
5932,0.513
5933,0.171
5934,0.222
5935,0.445
5936,0.144
5937,0.528
5938,0.432
5939,0.636
5940,0.214
5941,0.585
5942,0.425
5943,0.422
5944,0.392
5945,0.474
5946,0.573
5947,0.228
5948,0.496
5949,0.517
5950,0.469
5951,0.37
5952,0.615
5953,0.524
5954,0.354
5955,0.693
5956,0.667
5957,0.257
5958,0.543
5959,0.606
5960,0.288
5961,0.475
5962,0.636
5963,0.683
5964,0.547
5965,0.401
5966,0.445
5967,0.625
5968,0.259
5969,0.517
5970,0.652
5971,0.352
5972,0.517
5973,0.645
5974,0.354
5975,0.429
5976,0.525
5977,0.427
5978,0.543
5979,0.548
5980,0.444
5981,0.391
5982,0.559
5983,0.61
5984,0.157
5985,0.365
5986,0.648
5987,0.546
5988,0.611
5989,0.641
5990,0.291
5991,0.617
5992,0.402
5993,0.645
5994,0.464
5995,0.583
5996,0.404
5997,0.365
5998,0.129
5999,0.654
6000,0.565
6001,0.529
6002,0.191
6003,0.576
6004,0.424
6005,0.73
6006,0.63
6007,0.696
6008,0.566
6009,0.559
6010,0.492
6011,0.561
6012,0.433
6013,0.211
6014,0.655
6015,0.733
6016,0.485
6017,0.561
6018,0.478
6019,0.51
6020,0.577
6021,0.463
6022,0.579
6023,0.417
6024,0.568
6025,0.47
6026,0.605
6027,0.387
6028,0.682
6029,0.583
6030,0.426
6031,0.522
6032,0.467
6033,0.553
6034,0.54
6035,0.328
6036,0.316
6037,0.632
6038,0.509
6039,0.562
6040,0.299
6041,0.597
6042,0.501
6043,0.499
6044,0.486
6045,0.637
6046,0.426
6047,0.583
6048,0.136
6049,0.493
6050,0.412
6051,0.627
6052,0.444
6053,0.589
6054,0.706
6055,0.491
6056,0.493
6057,0.428
6058,0.528
6059,0.449
6060,0.633
6061,0.546
6062,0.502
6063,0.512
6064,0.497
6065,0.506
6066,0.571
6067,0.421
6068,0.299
6069,0.496
6070,0.544
6071,0.278
6072,0.529
6073,0.566
6074,0.503
6075,0.458
6076,0.736
6077,0.486
6078,0.552
6079,0.573
6080,0.423
6081,0.439
6082,0.536
6083,0.603
6084,0.532
6085,0.524
6086,0.445
6087,0.486
6088,0.527
6089,0.592
6090,0.478
6091,0.563
6092,0.593
6093,0.321
6094,0.624
6095,0.484
6096,0.531
6097,0.51
6098,0.476
6099,0.541
6100,0.443
6101,0.525
6102,0.444
6103,0.498
6104,0.447
6105,0.338
6106,0.485
6107,0.387
6108,0.61
6109,0.185
6110,0.417
6111,0.44
6112,0.375
6113,0.453
6114,0.514
6115,0.678
6116,0.391
6117,0.625
6118,0.409
6119,0.625
6120,0.421
6121,0.347
6122,0.532
6123,0.482
6124,0.408
6125,0.403
6126,0.548
6127,0.48
6128,0.555
6129,0.42
6130,0.618
6131,0.494
6132,0.465
6133,0.292
6134,0.265
6135,0.512
6136,0.667
6137,0.458
6138,0.405
6139,0.554
6140,0.509
6141,0.47
6142,0.616
6143,0.382
6144,0.479
6145,0.65
6146,0.361
6147,0.392
6148,0.497
6149,0.64
6150,0.451
6151,0.54
6152,0.487
6153,0.545
6154,0.499
6155,0.551
6156,0.471
6157,0.46
6158,0.5
6159,0.297
6160,0.512
6161,0.636
6162,0.533
6163,0.513
6164,0.287
6165,0.426
6166,0.416
6167,0.488
6168,0.483
6169,0.586
6170,0.527
6171,0.319
6172,0.582
6173,0.484
6174,0.424
6175,0.405
6176,0.582
6177,0.468
6178,0.598
6179,0.448
6180,0.534
6181,0.547
6182,0.613
6183,0.676
6184,0.324
6185,0.478
6186,0.612
6187,0.398
6188,0.553
6189,0.417
6190,0.658
6191,0.411
6192,0.421
6193,0.41
6194,0.409
6195,0.494
6196,0.593
6197,0.605
6198,0.283
6199,0.39
6200,0.549
6201,0.621
6202,0.455
6203,0.417
6204,0.409
6205,0.384
6206,0.384
6207,0.224
6208,0.593
6209,0.588
6210,0.573
6211,0.428
6212,0.58
6213,0.558
6214,0.682
6215,0.711
6216,0.37
6217,0.346
6218,0.607
6219,0.599
6220,0.577
6221,0.731
6222,0.617
6223,0.311
6224,0.345
6225,0.527
6226,0.577
6227,0.527
6228,0.641
6229,0.264
6230,0.537
6231,0.654
6232,0.356
6233,0.655
6234,0.526
6235,0.559
6236,0.436
6237,0.534
6238,0.326
6239,0.432
6240,0.517
6241,0.646
6242,0.553
6243,0.163
6244,0.682
6245,0.481
6246,0.645
6247,0.475
6248,0.585
6249,0.442
6250,0.289
6251,0.451
6252,0.59
6253,0.474
6254,0.617
6255,0.565
6256,0.494
6257,0.528
6258,0.344
6259,0.513
6260,0.537
6261,0.405
6262,0.172
6263,0.573
6264,0.297
6265,0.451
6266,0.42
6267,0.581
6268,0.595
6269,0.634
6270,0.554
6271,0.486
6272,0.478
6273,0.476
6274,0.471
6275,0.5
6276,0.578
6277,0.482
6278,0.682
6279,0.327
6280,0.491
6281,0.691
6282,0.608
6283,0.443
6284,0.424
6285,0.63
6286,0.463
6287,0.352
6288,0.349
6289,0.656
6290,0.477
6291,0.599
6292,0.628
6293,0.462
6294,0.473
6295,0.582
6296,0.351
6297,0.493
6298,0.552
6299,0.558
6300,0.64
6301,0.487
6302,0.418
6303,0.62
6304,0.54
6305,0.516
6306,0.646
6307,0.529
6308,0.554
6309,0.662
6310,0.382
6311,0.501
6312,0.589
6313,0.379
6314,0.479
6315,0.473
6316,0.617
6317,0.658
6318,0.339
6319,0.515
6320,0.115
6321,0.548
6322,0.379
6323,0.569
6324,0.617
6325,0.669
6326,0.162
6327,0.583
6328,0.644
6329,0.55
6330,0.543
6331,0.208
6332,0.601
6333,0.683
6334,0.603
6335,0.498
6336,0.086
6337,0.305
6338,0.52
6339,0.648
6340,0.638
6341,0.563
6342,0.451
6343,0.427
6344,0.611
6345,0.437
6346,0.521
6347,0.549
6348,0.315
6349,0.581
6350,0.554
6351,0.459
6352,0.579
6353,0.525
6354,0.349
6355,0.568
6356,0.287
6357,0.548
6358,0.435
6359,0.625
6360,0.483
6361,0.472
6362,0.515
6363,0.483
6364,0.563
6365,0.492
6366,0.513
6367,0.316
6368,0.646
6369,0.42
6370,0.565
6371,0.565
6372,0.624
6373,0.515
6374,0.116
6375,0.558
6376,0.573
6377,0.635
6378,0.346
6379,0.517
6380,0.569
6381,0.454
6382,0.448
6383,0.136
6384,0.428
6385,0.551
6386,0.57
6387,0.664
6388,0.674
6389,0.587
6390,0.394
6391,0.624
6392,0.424
6393,0.484
6394,0.578
6395,0.583
6396,0.649
6397,0.442
6398,0.571
6399,0.475
6400,0.552
6401,0.423
6402,0.556
6403,0.382
6404,0.529
6405,0.583
6406,0.472
6407,0.455
6408,0.393
6409,0.451
6410,0.375
6411,0.239
6412,0.535
6413,0.499
6414,0.507
6415,0.566
6416,0.567
6417,0.652
6418,0.488
6419,0.496
6420,0.468
6421,0.536
6422,0.633
6423,0.409
6424,0.638
6425,0.434
6426,0.417
6427,0.61
6428,0.501
6429,0.688
6430,0.556
6431,0.611
6432,0.496
6433,0.677
6434,0.475
6435,0.62
6436,0.543
6437,0.616
6438,0.436
6439,0.601
6440,0.509
6441,0.579
6442,0.588
6443,0.579
6444,0.697
6445,0.592
6446,0.616
6447,0.304
6448,0.454
6449,0.42
6450,0.635
6451,0.567
6452,0.638
6453,0.335
6454,0.679
6455,0.56
6456,0.428
6457,0.572
6458,0.441
6459,0.474
6460,0.544
6461,0.501
6462,0.582
6463,0.391
6464,0.442
6465,0.589
6466,0.603
6467,0.231
6468,0.551
6469,0.61
6470,0.515
6471,0.485
6472,0.344
6473,0.507
6474,0.585
6475,0.564
6476,0.452
6477,0.579
6478,0.606
6479,0.498
6480,0.571
6481,0.584
6482,0.42
6483,0.337
6484,0.178
6485,0.313
6486,0.522
6487,0.697
6488,0.407
6489,0.424
6490,0.521
6491,0.585
6492,0.511
6493,0.508
6494,0.503
6495,0.67
6496,0.509
6497,0.367
6498,0.609
6499,0.5
6500,0.401
6501,0.485
6502,0.524
6503,0.488
6504,0.512
6505,0.415
6506,0.474
6507,0.608
6508,0.507
6509,0.612
6510,0.603
6511,0.22
6512,0.353
6513,0.245
6514,0.304
6515,0.375
6516,0.508
6517,0.611
6518,0.635
6519,0.404
6520,0.586
6521,0.277
6522,0.472
6523,0.506
6524,0.236
6525,0.485
6526,0.41
6527,0.566
6528,0.548
6529,0.234
6530,0.563
6531,0.5
6532,0.476
6533,0.61
6534,0.778
6535,0.509
6536,0.594
6537,0.508
6538,0.395
6539,0.611
6540,0.442
6541,0.331
6542,0.53
6543,0.493
6544,0.599
6545,0.415
6546,0.497
6547,0.514
6548,0.526
6549,0.678
6550,0.411
6551,0.64
6552,0.646
6553,0.316
6554,0.551
6555,0.57
6556,0.611
6557,0.545
6558,0.544
6559,0.543
6560,0.412
6561,0.312
6562,0.6
6563,0.615
6564,0.565
6565,0.697
6566,0.461
6567,0.433
6568,0.389
6569,0.573
6570,0.428
6571,0.449
6572,0.58
6573,0.608
6574,0.506
6575,0.662
6576,0.451
6577,0.376
6578,0.327
6579,0.488
6580,0.519
6581,0.481
6582,0.247
6583,0.387
6584,0.647
6585,0.572
6586,0.16
6587,0.482
6588,0.56
6589,0.535
6590,0.518
6591,0.663
6592,0.617
6593,0.577
6594,0.42
6595,0.394
6596,0.46
6597,0.507
6598,0.653
6599,0.601
6600,0.423
6601,0.389
6602,0.622
6603,0.388
6604,0.349
6605,0.653
6606,0.265
6607,0.521
6608,0.474
6609,0.544
6610,0.6
6611,0.518
6612,0.537
6613,0.483
6614,0.504
6615,0.496
6616,0.562
6617,0.524
6618,0.468
6619,0.515
6620,0.53
6621,0.509
6622,0.657
6623,0.444
6624,0.577
6625,0.505
6626,0.599
6627,0.549
6628,0.543
6629,0.548
6630,0.415
6631,0.457
6632,0.503
6633,0.487
6634,0.518
6635,0.606
6636,0.405
6637,0.386
6638,0.478
6639,0.594
6640,0.408
6641,0.501
6642,0.448
6643,0.599
6644,0.488
6645,0.432
6646,0.153
6647,0.41
6648,0.475
6649,0.615
6650,0.474
6651,0.545
6652,0.456
6653,0.474
6654,0.345
6655,0.582
6656,0.591
6657,0.561
6658,0.585
6659,0.417
6660,0.369
6661,0.411
6662,0.615
6663,0.341
6664,0.25
6665,0.625
6666,0.58
6667,0.222
6668,0.424
6669,0.523
6670,0.322
6671,0.431
6672,0.435
6673,0.439
6674,0.619
6675,0.406
6676,0.559
6677,0.382
6678,0.367
6679,0.673
6680,0.573
6681,0.535
6682,0.606
6683,0.522
6684,0.601
6685,0.493
6686,0.33
6687,0.511
6688,0.467
6689,0.579
6690,0.678
6691,0.664
6692,0.522
6693,0.158
6694,0.572
6695,0.455
6696,0.524
6697,0.384
6698,0.506
6699,0.602
6700,0.324
6701,0.42
6702,0.409
6703,0.618
6704,0.726
6705,0.5
6706,0.518
6707,0.439
6708,0.489
6709,0.726
6710,0.542
6711,0.283
6712,0.71
6713,0.601
6714,0.546
6715,0.274
6716,0.451
6717,0.462
6718,0.513
6719,0.207
6720,0.551
6721,0.525
6722,0.665
6723,0.51
6724,0.53
6725,0.405
6726,0.581
6727,0.266
6728,0.501
6729,0.371
6730,0.542
6731,0.45
6732,0.49
6733,0.343
6734,0.617
6735,0.523
6736,0.352
6737,0.581
6738,0.576
6739,0.373
6740,0.631
6741,0.536
6742,0.344
6743,0.538
6744,0.593
6745,0.683
6746,0.609
6747,0.172
6748,0.545
6749,0.634
6750,0.347
6751,0.659
6752,0.555
6753,0.527
6754,0.478
6755,0.395
6756,0.481
6757,0.384
6758,0.518
6759,0.625
6760,0.574
6761,0.53
6762,0.519
6763,0.607
6764,0.361
6765,0.675
6766,0.53
6767,0.528
6768,0.457
6769,0.584
6770,0.511
6771,0.607
6772,0.442
6773,0.518
6774,0.616
6775,0.435
6776,0.599
6777,0.463
6778,0.557
6779,0.446
6780,0.264
6781,0.641
6782,0.47
6783,0.469
6784,0.223
6785,0.476
6786,0.451
6787,0.48
6788,0.588
6789,0.418
6790,0.516
6791,0.421
6792,0.315
6793,0.473
6794,0.68
6795,0.502
6796,0.523
6797,0.097
6798,0.341
6799,0.659
6800,0.422
6801,0.592
6802,0.299
6803,0.62
6804,0.42
6805,0.566
6806,0.378
6807,0.506
6808,0.554
6809,0.626
6810,0.42
6811,0.569
6812,0.408
6813,0.359
6814,0.497
6815,0.429
6816,0.203
6817,0.427
6818,0.587
6819,0.425
6820,0.394
6821,0.671
6822,0.405
6823,0.772
6824,0.647
6825,0.576
6826,0.597
6827,0.546
6828,0.484
6829,0.677
6830,0.572
6831,0.651
6832,0.415
6833,0.63
6834,0.357
6835,0.289
6836,0.608
6837,0.551
6838,0.418
6839,0.437
6840,0.387
6841,0.507
6842,0.472
6843,0.598
6844,0.444
6845,0.337
6846,0.459
6847,0.604
6848,0.349
6849,0.407
6850,0.651
6851,0.596
6852,0.574
6853,0.431
6854,0.565
6855,0.406
6856,0.529
6857,0.44
6858,0.361
6859,0.373
6860,0.546
6861,0.585
6862,0.588
6863,0.14
6864,0.574
6865,0.554
6866,0.574
6867,0.592
6868,0.532
6869,0.414
6870,0.55
6871,0.516
6872,0.584
6873,0.395
6874,0.457
6875,0.412
6876,0.451
6877,0.549
6878,0.658
6879,0.543
6880,0.456
6881,0.619
6882,0.427
6883,0.578
6884,0.532
6885,0.61
6886,0.578
6887,0.42
6888,0.776
6889,0.391
6890,0.582
6891,0.707
6892,0.489
6893,0.473
6894,0.593
6895,0.567
6896,0.304
6897,0.589
6898,0.497
6899,0.454
6900,0.464
6901,0.588
6902,0.372
6903,0.669
6904,0.578
6905,0.672
6906,0.542
6907,0.592
6908,0.605
6909,0.465
6910,0.54
6911,0.467
6912,0.514
6913,0.602
6914,0.365
6915,0.368
6916,0.516
6917,0.551
6918,0.605
6919,0.45
6920,0.478
6921,0.428
6922,0.258
6923,0.468
6924,0.538
6925,0.559
6926,0.531
6927,0.413
6928,0.611
6929,0.556
6930,0.398
6931,0.47
6932,0.551
6933,0.46
6934,0.481
6935,0.536
6936,0.498
6937,0.473
6938,0.462
6939,0.635
6940,0.471
6941,0.569
6942,0.478
6943,0.45
6944,0.497
6945,0.541
6946,0.428
6947,0.391
6948,0.476
6949,0.506
6950,0.388
6951,0.477
6952,0.478
6953,0.463
6954,0.508
6955,0.508
6956,0.661
6957,0.361
6958,0.444
6959,0.399
6960,0.588
6961,0.396
6962,0.656
6963,0.492
6964,0.613
6965,0.266
6966,0.695
6967,0.435
6968,0.512
6969,0.534
6970,0.506
6971,0.516
6972,0.534
6973,0.497
6974,0.633
6975,0.549
6976,0.391
6977,0.472
6978,0.55
6979,0.327
6980,0.429
6981,0.611
6982,0.56
6983,0.601
6984,0.499
6985,0.634
6986,0.549
6987,0.436
6988,0.59
6989,0.493
6990,0.463
6991,0.581
6992,0.537
6993,0.668
6994,0.637
6995,0.552
6996,0.527
6997,0.441
6998,0.407
6999,0.479
7000,0.481
7001,0.613
7002,0.698
7003,0.331
7004,0.632
7005,0.673
7006,0.646
7007,0.395
7008,0.502
7009,0.491
7010,0.568
7011,0.543
7012,0.329
7013,0.593
7014,0.594
7015,0.585
7016,0.457
7017,0.508
7018,0.317
7019,0.577
7020,0.51
7021,0.637
7022,0.481
7023,0.523
7024,0.367
7025,0.484
7026,0.544
7027,0.547
7028,0.508
7029,0.174
7030,0.498
7031,0.548
7032,0.451
7033,0.274
7034,0.288
7035,0.404
7036,0.619
7037,0.655
7038,0.543
7039,0.564
7040,0.613
7041,0.64
7042,0.59
7043,0.523
7044,0.525
7045,0.64
7046,0.578
7047,0.476
7048,0.585
7049,0.583
7050,0.581
7051,0.487
7052,0.508
7053,0.284
7054,0.548
7055,0.672
7056,0.373
7057,0.461
7058,0.707
7059,0.537
7060,0.43
7061,0.257
7062,0.587
7063,0.491
7064,0.362
7065,0.565
7066,0.489
7067,0.444
7068,0.553
7069,0.714
7070,0.626
7071,0.574
7072,0.693
7073,0.566
7074,0.516
7075,0.48
7076,0.457
7077,0.578
7078,0.505
7079,0.447
7080,0.61
7081,0.527
7082,0.546
7083,0.409
7084,0.354
7085,0.315
7086,0.581
7087,0.422
7088,0.49
7089,0.434
7090,0.646
7091,0.662
7092,0.466
7093,0.683
7094,0.459
7095,0.523
7096,0.342
7097,0.47
7098,0.502
7099,0.532
7100,0.598
7101,0.509
7102,0.432
7103,0.123
7104,0.53
7105,0.582
7106,0.574
7107,0.502
7108,0.331
7109,0.476
7110,0.457
7111,0.255
7112,0.649
7113,0.606
7114,0.445
7115,0.483
7116,0.48
7117,0.647
7118,0.138
7119,0.433
7120,0.487
7121,0.605
7122,0.495
7123,0.396
7124,0.142
7125,0.694
7126,0.649
7127,0.377
7128,0.514
7129,0.658
7130,0.562
7131,0.474
7132,0.559
7133,0.376
7134,0.554
7135,0.526
7136,0.675
7137,0.585
7138,0.182
7139,0.571
7140,0.484
7141,0.147
7142,0.498
7143,0.684
7144,0.476
7145,0.49
7146,0.506
7147,0.579
7148,0.482
7149,0.599
7150,0.576
7151,0.466
7152,0.547
7153,0.479
7154,0.408
7155,0.439
7156,0.52
7157,0.417
7158,0.522
7159,0.587
7160,0.47
7161,0.587
7162,0.352
7163,0.648
7164,0.565
7165,0.399
7166,0.587
7167,0.519
7168,0.632
7169,0.396
7170,0.452
7171,0.58
7172,0.319
7173,0.559
7174,0.625
7175,0.564
7176,0.645
7177,0.553
7178,0.534
7179,0.522
7180,0.557
7181,0.478
7182,0.547
7183,0.669
7184,0.483
7185,0.427
7186,0.523
7187,0.45
7188,0.631
7189,0.457
7190,0.623
7191,0.491
7192,0.58
7193,0.57
7194,0.261
7195,0.523
7196,0.514
7197,0.235
7198,0.597
7199,0.597
7200,0.614
7201,0.564
7202,0.771
7203,0.495
7204,0.477
7205,0.314
7206,0.476
7207,0.428
7208,0.443
7209,0.165
7210,0.534
7211,0.521
7212,0.286
7213,0.26
7214,0.616
7215,0.621
7216,0.448
7217,0.523
7218,0.401
7219,0.612
7220,0.346
7221,0.42
7222,0.354
7223,0.621
7224,0.581
7225,0.411
7226,0.511
7227,0.547
7228,0.526
7229,0.547
7230,0.391
7231,0.466
7232,0.522
7233,0.503
7234,0.537
7235,0.574
7236,0.63
7237,0.603
7238,0.386
7239,0.433
7240,0.402
7241,0.483
7242,0.523
7243,0.355
7244,0.648
7245,0.414
7246,0.673
7247,0.425
7248,0.495
7249,0.606
7250,0.59
7251,0.174
7252,0.516
7253,0.546
7254,0.502
7255,0.24
7256,0.335
7257,0.487
7258,0.587
7259,0.352
7260,0.524
7261,0.331
7262,0.273
7263,0.611
7264,0.361
7265,0.441
7266,0.614
7267,0.595
7268,0.175
7269,0.66
7270,0.678
7271,0.285
7272,0.608
7273,0.507
7274,0.55
7275,0.415
7276,0.678
7277,0.539
7278,0.568
7279,0.531
7280,0.414
7281,0.602
7282,0.435
7283,0.571
7284,0.429
7285,0.421
7286,0.577
7287,0.576
7288,0.599
7289,0.399
7290,0.432
7291,0.524
7292,0.564
7293,0.677
7294,0.534
7295,0.352
7296,0.518
7297,0.615
7298,0.691
7299,0.368
7300,0.513
7301,0.407
7302,0.589
7303,0.333
7304,0.311
7305,0.572
7306,0.641
7307,0.474
7308,0.516
7309,0.619
7310,0.52
7311,0.357
7312,0.389
7313,0.372
7314,0.455
7315,0.322
7316,0.545
7317,0.584
7318,0.559
7319,0.368
7320,0.162
7321,0.252
7322,0.519
7323,0.552
7324,0.585
7325,0.422
7326,0.401
7327,0.455
7328,0.527
7329,0.374
7330,0.394
7331,0.578
7332,0.543
7333,0.388
7334,0.489
7335,0.599
7336,0.508
7337,0.586
7338,0.41
7339,0.537
7340,0.572
7341,0.302
7342,0.322
7343,0.438
7344,0.429
7345,0.607
7346,0.497
7347,0.644
7348,0.518
7349,0.638
7350,0.63
7351,0.542
7352,0.371
7353,0.547
7354,0.421
7355,0.078
7356,0.551
7357,0.608
7358,0.498
7359,0.603
7360,0.376
7361,0.434
7362,0.535
7363,0.488
7364,0.413
7365,0.413
7366,0.651
7367,0.594
7368,0.517
7369,0.571
7370,0.465
7371,0.568
7372,0.509
7373,0.6
7374,0.487
7375,0.423
7376,0.567
7377,0.555
7378,0.66
7379,0.547
7380,0.231
7381,0.532
7382,0.442
7383,0.544
7384,0.571
7385,0.576
7386,0.662
7387,0.497
7388,0.472
7389,0.536
7390,0.547
7391,0.422
7392,0.474
7393,0.585
7394,0.539
7395,0.356
7396,0.323
7397,0.464
7398,0.626
7399,0.338
7400,0.639
7401,0.297
7402,0.478
7403,0.451
7404,0.572
7405,0.435
7406,0.613
7407,0.575
7408,0.089
7409,0.613
7410,0.487
7411,0.584
7412,0.745
7413,0.409
7414,0.494
7415,0.405
7416,0.468
7417,0.235
7418,0.429
7419,0.297
7420,0.275
7421,0.103
7422,0.556
7423,0.145
7424,0.627
7425,0.583
7426,0.516
7427,0.288
7428,0.474
7429,0.467
7430,0.491
7431,0.487
7432,0.426
7433,0.505
7434,0.665
7435,0.606
7436,0.661
7437,0.524
7438,0.508
7439,0.392
7440,0.661
7441,0.592
7442,0.45
7443,0.33
7444,0.575
7445,0.413
7446,0.505
7447,0.468
7448,0.574
7449,0.518
7450,0.544
7451,0.401
7452,0.429
7453,0.435
7454,0.496
7455,0.612
7456,0.544
7457,0.523
7458,0.336
7459,0.53
7460,0.537
7461,0.582
7462,0.558
7463,0.479
7464,0.685
7465,0.57
7466,0.182
7467,0.577
7468,0.639
7469,0.337
7470,0.426
7471,0.458
7472,0.445
7473,0.483
7474,0.666
7475,0.439
7476,0.607
7477,0.551
7478,0.563
7479,0.404
7480,0.535
7481,0.608
7482,0.44
7483,0.389
7484,0.526
7485,0.622
7486,0.484
7487,0.598
7488,0.701
7489,0.512
7490,0.654
7491,0.34
7492,0.543
7493,0.524
7494,0.392
7495,0.618
7496,0.533
7497,0.626
7498,0.577
7499,0.615
7500,0.452
7501,0.702
7502,0.486
7503,0.672
7504,0.607
7505,0.5
7506,0.602
7507,0.491
7508,0.426
7509,0.576
7510,0.362
7511,0.577
7512,0.6
7513,0.662
7514,0.584
7515,0.323
7516,0.518
7517,0.459
7518,0.613
7519,0.497
7520,0.327
7521,0.482
7522,0.392
7523,0.547
7524,0.512
7525,0.582
7526,0.582
7527,0.604
7528,0.248
7529,0.398
7530,0.058
7531,0.32
7532,0.696
7533,0.417
7534,0.716
7535,0.541
7536,0.463
7537,0.589
7538,0.694
7539,0.555
7540,0.544
7541,0.63
7542,0.534
7543,0.503
7544,0.581
7545,0.59
7546,0.456
7547,0.414
7548,0.54
7549,0.591
7550,0.366
7551,0.507
7552,0.447
7553,0.62
7554,0.653
7555,0.589
7556,0.533
7557,0.56
7558,0.248
7559,0.385
7560,0.454
7561,0.436
7562,0.4
7563,0.108
7564,0.447
7565,0.312
7566,0.191
7567,0.571
7568,0.414
7569,0.491
7570,0.492
7571,0.597
7572,0.457
7573,0.464
7574,0.479
7575,0.312
7576,0.561
7577,0.569
7578,0.622
7579,0.671
7580,0.727
7581,0.459
7582,0.572
7583,0.523
7584,0.504
7585,0.397
7586,0.087
7587,0.301
7588,0.626
7589,0.564
7590,0.562
7591,0.388
7592,0.411
7593,0.365
7594,0.518
7595,0.432
7596,0.436
7597,0.616
7598,0.276
7599,0.438
7600,0.467
7601,0.496
7602,0.461
7603,0.433
7604,0.561
7605,0.331
7606,0.503
7607,0.49
7608,0.316
7609,0.408
7610,0.145
7611,0.745
7612,0.459
7613,0.618
7614,0.592
7615,0.642
7616,0.28
7617,0.57
7618,0.524
7619,0.391
7620,0.43
7621,0.507
7622,0.58
7623,0.165
7624,0.631
7625,0.595
7626,0.467
7627,0.479
7628,0.467
7629,0.274
7630,0.598
7631,0.497
7632,0.439
7633,0.466
7634,0.612
7635,0.671
7636,0.539
7637,0.618
7638,0.572
7639,0.512
7640,0.48
7641,0.368
7642,0.532
7643,0.56
7644,0.192
7645,0.376
7646,0.552
7647,0.436
7648,0.437
7649,0.506
7650,0.414
7651,0.49
7652,0.581
7653,0.562
7654,0.537
7655,0.298
7656,0.542
7657,0.478
7658,0.636
7659,0.422
7660,0.633
7661,0.536
7662,0.382
7663,0.759
7664,0.428
7665,0.512
7666,0.524
7667,0.569
7668,0.59
7669,0.608
7670,0.536
7671,0.235
7672,0.579
7673,0.556
7674,0.468
7675,0.614
7676,0.425
7677,0.396
7678,0.506
7679,0.644
7680,0.551
7681,0.553
7682,0.64
7683,0.52
7684,0.054
7685,0.463
7686,0.565
7687,0.519
7688,0.413
7689,0.463
7690,0.446
7691,0.691
7692,0.586
7693,0.432
7694,0.394
7695,0.437
7696,0.427
7697,0.596
7698,0.528
7699,0.582
7700,0.491
7701,0.272
7702,0.573
7703,0.523
7704,0.364
7705,0.574
7706,0.587
7707,0.366
7708,0.606
7709,0.589
7710,0.634
7711,0.489
7712,0.634
7713,0.579
7714,0.347
7715,0.528
7716,0.657
7717,0.489
7718,0.449
7719,0.474
7720,0.104
7721,0.596
7722,0.573
7723,0.496
7724,0.606
7725,0.6
7726,0.601
7727,0.534
7728,0.483
7729,0.662
7730,0.512
7731,0.464
7732,0.491
7733,0.552
7734,0.44
7735,0.398
7736,0.556
7737,0.622
7738,0.543
7739,0.262
7740,0.503
7741,0.731
7742,0.568
7743,0.634
7744,0.493
7745,0.534
7746,0.388
7747,0.501
7748,0.477
7749,0.221
7750,0.403
7751,0.566
7752,0.577
7753,0.285
7754,0.621
7755,0.79
7756,0.513
7757,0.484
7758,0.516
7759,0.357
7760,0.424
7761,0.542
7762,0.533
7763,0.673
7764,0.387
7765,0.513
7766,0.597
7767,0.415
7768,0.535
7769,0.631
7770,0.665
7771,0.501
7772,0.628
7773,0.531
7774,0.373
7775,0.45
7776,0.213
7777,0.501
7778,0.334
7779,0.589
7780,0.313
7781,0.494
7782,0.404
7783,0.598
7784,0.44
7785,0.587
7786,0.402
7787,0.481
7788,0.557
7789,0.747
7790,0.591
7791,0.631
7792,0.553
7793,0.634
7794,0.225
7795,0.502
7796,0.371
7797,0.604
7798,0.572
7799,0.511
7800,0.492
7801,0.473
7802,0.186
7803,0.434
7804,0.399
7805,0.564
7806,0.35
7807,0.664
7808,0.561
7809,0.576
7810,0.537
7811,0.701
7812,0.531
7813,0.444
7814,0.385
7815,0.551
7816,0.338
7817,0.555
7818,0.534
7819,0.418
7820,0.381
7821,0.654
7822,0.522
7823,0.495
7824,0.696
7825,0.159
7826,0.644
7827,0.613
7828,0.401
7829,0.286
7830,0.527
7831,0.551
7832,0.524
7833,0.622
7834,0.511
7835,0.56
7836,0.492
7837,0.604
7838,0.46
7839,0.496
7840,0.39
7841,0.565
7842,0.686
7843,0.389
7844,0.423
7845,0.18
7846,0.576
7847,0.681
7848,0.527
7849,0.475
7850,0.665
7851,0.418
7852,0.585
7853,0.439
7854,0.404
7855,0.564
7856,0.59
7857,0.582
7858,0.488
7859,0.56
7860,0.589
7861,0.093
7862,0.372
7863,0.575
7864,0.199
7865,0.734
7866,0.586
7867,0.654
7868,0.36
7869,0.529
7870,0.352
7871,0.548
7872,0.512
7873,0.441
7874,0.384
7875,0.443
7876,0.375
7877,0.465
7878,0.647
7879,0.486
7880,0.435
7881,0.486
7882,0.446
7883,0.507
7884,0.463
7885,0.486
7886,0.552
7887,0.58
7888,0.336
7889,0.43
7890,0.656
7891,0.492
7892,0.481
7893,0.662
7894,0.304
7895,0.551
7896,0.42
7897,0.382
7898,0.47
7899,0.409
7900,0.692
7901,0.455
7902,0.485
7903,0.615
7904,0.498
7905,0.662
7906,0.564
7907,0.409
7908,0.659
7909,0.579
7910,0.409
7911,0.342
7912,0.527
7913,0.133
7914,0.423
7915,0.459
7916,0.262
7917,0.497
7918,0.626
7919,0.539
7920,0.517
7921,0.471
7922,0.245
7923,0.492
7924,0.533
7925,0.548
7926,0.535
7927,0.625
7928,0.474
7929,0.314
7930,0.455
7931,0.548
7932,0.527
7933,0.527
7934,0.314
7935,0.576
7936,0.539
7937,0.486
7938,0.594
7939,0.474
7940,0.328
7941,0.385
7942,0.414
7943,0.358
7944,0.426
7945,0.527
7946,0.406
7947,0.435
7948,0.369
7949,0.773
7950,0.322
7951,0.532
7952,0.47
7953,0.485
7954,0.41
7955,0.56
7956,0.503
7957,0.394
7958,0.471
7959,0.39
7960,0.551
7961,0.292
7962,0.415
7963,0.626
7964,0.291
7965,0.391
7966,0.493
7967,0.457
7968,0.485
7969,0.49
7970,0.642
7971,0.306
7972,0.627
7973,0.423
7974,0.122
7975,0.437
7976,0.506
7977,0.58
7978,0.397
7979,0.467
7980,0.217
7981,0.353
7982,0.458
7983,0.095
7984,0.541
7985,0.621
7986,0.359
7987,0.497
7988,0.551
7989,0.466
7990,0.645
7991,0.505
7992,0.623
7993,0.409
7994,0.509
7995,0.4
7996,0.475
7997,0.668
7998,0.535
7999,0.463
8000,0.637
8001,0.575
8002,0.464
8003,0.688
8004,0.534
8005,0.417
8006,0.574
8007,0.254
8008,0.456
8009,0.324
8010,0.631
8011,0.353
8012,0.529
8013,0.33
8014,0.602
8015,0.485
8016,0.573
8017,0.655
8018,0.604
8019,0.546
8020,0.501
8021,0.483
8022,0.489
8023,0.642
8024,0.649
8025,0.586
8026,0.556
8027,0.434
8028,0.35
8029,0.541
8030,0.45
8031,0.577
8032,0.616
8033,0.442
8034,0.504
8035,0.523
8036,0.549
8037,0.566
8038,0.574
8039,0.632
8040,0.326
8041,0.256
8042,0.297
8043,0.281
8044,0.479
8045,0.609
8046,0.644
8047,0.28
8048,0.391
8049,0.461
8050,0.355
8051,0.494
8052,0.518
8053,0.452
8054,0.647
8055,0.488
8056,0.186
8057,0.414
8058,0.555
8059,0.571
8060,0.559
8061,0.597
8062,0.451
8063,0.667
8064,0.592
8065,0.601
8066,0.27
8067,0.539
8068,0.558
8069,0.657
8070,0.67
8071,0.443
8072,0.613
8073,0.508
8074,0.388
8075,0.463
8076,0.684
8077,0.431
8078,0.42
8079,0.489
8080,0.46
8081,0.557
8082,0.506
8083,0.571
8084,0.394
8085,0.491
8086,0.535
8087,0.457
8088,0.693
8089,0.454
8090,0.507
8091,0.638
8092,0.304
8093,0.482
8094,0.494
8095,0.288
8096,0.468
8097,0.564
8098,0.521
8099,0.69
8100,0.531
8101,0.467
8102,0.57
8103,0.585
8104,0.375
8105,0.722
8106,0.615
8107,0.555
8108,0.459
8109,0.572
8110,0.486
8111,0.597
8112,0.55
8113,0.462
8114,0.429
8115,0.498
8116,0.54
8117,0.58
8118,0.526
8119,0.507
8120,0.619
8121,0.425
8122,0.077
8123,0.524
8124,0.522
8125,0.411
8126,0.403
8127,0.691
8128,0.633
8129,0.666
8130,0.226
8131,0.632
8132,0.578
8133,0.149
8134,0.43
8135,0.448
8136,0.538
8137,0.563
8138,0.564
8139,0.544
8140,0.541
8141,0.278
8142,0.496
8143,0.286
8144,0.607
8145,0.659
8146,0.386
8147,0.369
8148,0.581
8149,0.355
8150,0.449
8151,0.498
8152,0.544
8153,0.525
8154,0.54
8155,0.563
8156,0.375
8157,0.448
8158,0.634
8159,0.564
8160,0.446
8161,0.469
8162,0.422
8163,0.619
8164,0.464
8165,0.572
8166,0.412
8167,0.554
8168,0.358
8169,0.601
8170,0.374
8171,0.442
8172,0.535
8173,0.503
8174,0.38
8175,0.456
8176,0.509
8177,0.631
8178,0.438
8179,0.472
8180,0.579
8181,0.374
8182,0.095
8183,0.536
8184,0.517
8185,0.328
8186,0.4
8187,0.52
8188,0.475
8189,0.617
8190,0.716
8191,0.655
8192,0.388
8193,0.548
8194,0.364
8195,0.443
8196,0.563
8197,0.492
8198,0.516
8199,0.646
8200,0.485
8201,0.63
8202,0.152
8203,0.397
8204,0.677
8205,0.482
8206,0.492
8207,0.513
8208,0.518
8209,0.438
8210,0.562
8211,0.62
8212,0.548
8213,0.529
8214,0.504
8215,0.697
8216,0.497
8217,0.344
8218,0.464
8219,0.597
8220,0.385
8221,0.543
8222,0.497
8223,0.622
8224,0.325
8225,0.521
8226,0.508
8227,0.497
8228,0.373
8229,0.661
8230,0.651
8231,0.394
8232,0.403
8233,0.455
8234,0.348
8235,0.5
8236,0.358
8237,0.551
8238,0.533
8239,0.117
8240,0.383
8241,0.608
8242,0.395
8243,0.559
8244,0.598
8245,0.506
8246,0.611
8247,0.707
8248,0.495
8249,0.575
8250,0.413
8251,0.416
8252,0.587
8253,0.409
8254,0.493
8255,0.598
8256,0.497
8257,0.615
8258,0.513
8259,0.41
8260,0.528
8261,0.64
8262,0.602
8263,0.561
8264,0.584
8265,0.329
8266,0.461
8267,0.714
8268,0.628
8269,0.453
8270,0.454
8271,0.338
8272,0.569
8273,0.545
8274,0.486
8275,0.452
8276,0.567
8277,0.272
8278,0.653
8279,0.254
8280,0.458
8281,0.545
8282,0.415
8283,0.612
8284,0.598
8285,0.573
8286,0.516
8287,0.594
8288,0.721
8289,0.561
8290,0.273
8291,0.377
8292,0.637
8293,0.499
8294,0.546
8295,0.511
8296,0.591
8297,0.482
8298,0.396
8299,0.561
8300,0.333
8301,0.552
8302,0.479
8303,0.651
8304,0.643
8305,0.525
8306,0.601
8307,0.549
8308,0.459
8309,0.224
8310,0.702
8311,0.445
8312,0.381
8313,0.637
8314,0.528
8315,0.601
8316,0.495
8317,0.3
8318,0.591
8319,0.49
8320,0.329
8321,0.622
8322,0.674
8323,0.481
8324,0.512
8325,0.605
8326,0.324
8327,0.532
8328,0.571
8329,0.581
8330,0.532
8331,0.622
8332,0.642
8333,0.569
8334,0.491
8335,0.532
8336,0.581
8337,0.684
8338,0.403
8339,0.489
8340,0.659
8341,0.547
8342,0.339
8343,0.625
8344,0.514
8345,0.476
8346,0.576
8347,0.352
8348,0.494
8349,0.375
8350,0.589
8351,0.733
8352,0.475
8353,0.408
8354,0.552
8355,0.556
8356,0.506
8357,0.613
8358,0.51
8359,0.413
8360,0.403
8361,0.469
8362,0.54
8363,0.655
8364,0.611
8365,0.594
8366,0.572
8367,0.471
8368,0.543
8369,0.547
8370,0.453
8371,0.51
8372,0.514
8373,0.496
8374,0.516
8375,0.299
8376,0.471
8377,0.385
8378,0.366
8379,0.511
8380,0.519
8381,0.432
8382,0.608
8383,0.627
8384,0.725
8385,0.646
8386,0.463
8387,0.536
8388,0.521
8389,0.528
8390,0.523
8391,0.533
8392,0.557
8393,0.499
8394,0.659
8395,0.513
8396,0.518
8397,0.371
8398,0.643
8399,0.59
8400,0.4
8401,0.634
8402,0.602
8403,0.569
8404,0.588
8405,0.534
8406,0.42
8407,0.56
8408,0.489
8409,0.546
8410,0.619
8411,0.406
8412,0.56
8413,0.616
8414,0.523
8415,0.371
8416,0.508
8417,0.662
8418,0.555
8419,0.666
8420,0.485
8421,0.659
8422,0.456
8423,0.661
8424,0.579
8425,0.468
8426,0.446
8427,0.519
8428,0.549
8429,0.607
8430,0.559
8431,0.361
8432,0.357
8433,0.44
8434,0.482
8435,0.512
8436,0.436
8437,0.483
8438,0.545
8439,0.573
8440,0.531
8441,0.642
8442,0.6
8443,0.354
8444,0.612
8445,0.495
8446,0.502
8447,0.511
8448,0.577
8449,0.549
8450,0.618
8451,0.564
8452,0.665
8453,0.598
8454,0.704
8455,0.654
8456,0.301
8457,0.466
8458,0.566
8459,0.45
8460,0.375
8461,0.648
8462,0.706
8463,0.537
8464,0.237
8465,0.449
8466,0.583
8467,0.405
8468,0.539
8469,0.399
8470,0.571
8471,0.493
8472,0.399
8473,0.499
8474,0.532
8475,0.504
8476,0.316
8477,0.557
8478,0.443
8479,0.37
8480,0.367
8481,0.572
8482,0.419
8483,0.594
8484,0.472
8485,0.4
8486,0.612
8487,0.469
8488,0.568
8489,0.542
8490,0.539
8491,0.468
8492,0.653
8493,0.607
8494,0.387
8495,0.234
8496,0.638
8497,0.314
8498,0.64
8499,0.404
8500,0.472
8501,0.532
8502,0.653
8503,0.667
8504,0.327
8505,0.391
8506,0.283
8507,0.549
8508,0.274
8509,0.454
8510,0.548
8511,0.11
8512,0.484
8513,0.555
8514,0.471
8515,0.459
8516,0.37
8517,0.716
8518,0.605
8519,0.191
8520,0.521
8521,0.551
8522,0.473
8523,0.622
8524,0.483
8525,0.539
8526,0.605
8527,0.638
8528,0.448
8529,0.52
8530,0.462
8531,0.521
8532,0.391
8533,0.587
8534,0.639
8535,0.7
8536,0.57
8537,0.615
8538,0.531
8539,0.457
8540,0.638
8541,0.52
8542,0.563
8543,0.485
8544,0.596
8545,0.41
8546,0.554
8547,0.473
8548,0.317
8549,0.48
8550,0.477
8551,0.459
8552,0.575
8553,0.571
8554,0.487
8555,0.466
8556,0.593
8557,0.489
8558,0.444
8559,0.442
8560,0.709
8561,0.618
8562,0.41
8563,0.494
8564,0.551
8565,0.633
8566,0.671
8567,0.668
8568,0.47
8569,0.408
8570,0.625
8571,0.579
8572,0.456
8573,0.562
8574,0.293
8575,0.435
8576,0.55
8577,0.552
8578,0.465
8579,0.651
8580,0.469
8581,0.507
8582,0.617
8583,0.511
8584,0.633
8585,0.55
8586,0.334
8587,0.672
8588,0.335
8589,0.356
8590,0.51
8591,0.374
8592,0.615
8593,0.652
8594,0.521
8595,0.552
8596,0.577
8597,0.569
8598,0.304
8599,0.601
8600,0.725
8601,0.624
8602,0.633
8603,0.486
8604,0.412
8605,0.733
8606,0.482
8607,0.39
8608,0.585
8609,0.221
8610,0.6
8611,0.421
8612,0.313
8613,0.593
8614,0.368
8615,0.239
8616,0.522
8617,0.459
8618,0.675
8619,0.466
8620,0.571
8621,0.598
8622,0.593
8623,0.588
8624,0.618
8625,0.513
8626,0.64
8627,0.414
8628,0.701
8629,0.547
8630,0.556
8631,0.466
8632,0.533
8633,0.505
8634,0.361
8635,0.572
8636,0.516
8637,0.605
8638,0.41
8639,0.641
8640,0.555
8641,0.207
8642,0.51
8643,0.61
8644,0.558
8645,0.454
8646,0.594
8647,0.329
8648,0.515
8649,0.167
8650,0.388
8651,0.305
8652,0.522
8653,0.665
8654,0.568
8655,0.337
8656,0.448
8657,0.278
8658,0.326
8659,0.396
8660,0.465
8661,0.534
8662,0.485
8663,0.559
8664,0.541
8665,0.453
8666,0.592
8667,0.427
8668,0.212
8669,0.579
8670,0.56
8671,0.665
8672,0.512
8673,0.448
8674,0.547
8675,0.513
8676,0.328
8677,0.335
8678,0.419
8679,0.376
8680,0.624
8681,0.419
8682,0.411
8683,0.47
8684,0.67
8685,0.613
8686,0.638
8687,0.466
8688,0.471
8689,0.53
8690,0.554
8691,0.515
8692,0.625
8693,0.63
8694,0.307
8695,0.351
8696,0.577
8697,0.622
8698,0.642
8699,0.578
8700,0.684
8701,0.467
8702,0.589
8703,0.385
8704,0.538
8705,0.48
8706,0.731
8707,0.247
8708,0.406
8709,0.652
8710,0.512
8711,0.423
8712,0.676
8713,0.472
8714,0.521
8715,0.608
8716,0.516
8717,0.543
8718,0.307
8719,0.179
8720,0.485
8721,0.401
8722,0.575
8723,0.617
8724,0.458
8725,0.691
8726,0.581
8727,0.397
8728,0.46
8729,0.355
8730,0.525
8731,0.505
8732,0.475
8733,0.5
8734,0.41
8735,0.375
8736,0.549
8737,0.494
8738,0.473
8739,0.575
8740,0.586
8741,0.707
8742,0.587
8743,0.466
8744,0.534
8745,0.557
8746,0.494
8747,0.462
8748,0.574
8749,0.545
8750,0.53
8751,0.605
8752,0.287
8753,0.43
8754,0.469
8755,0.539
8756,0.43
8757,0.351
8758,0.518
8759,0.446
8760,0.473
8761,0.41
8762,0.572
8763,0.479
8764,0.513
8765,0.585
8766,0.532
8767,0.591
8768,0.525
8769,0.5
8770,0.647
8771,0.507
8772,0.489
8773,0.543
8774,0.535
8775,0.605
8776,0.289
8777,0.374
8778,0.543
8779,0.492
8780,0.612
8781,0.663
8782,0.399
8783,0.342
8784,0.166
8785,0.458
8786,0.465
8787,0.543
8788,0.582
8789,0.39
8790,0.431
8791,0.632
8792,0.397
8793,0.483
8794,0.435
8795,0.131
8796,0.454
8797,0.43
8798,0.485
8799,0.471
8800,0.23
8801,0.434
8802,0.533
8803,0.389
8804,0.542
8805,0.539
8806,0.43
8807,0.504
8808,0.345
8809,0.573
8810,0.466
8811,0.532
8812,0.381
8813,0.524
8814,0.523
8815,0.504
8816,0.579
8817,0.228
8818,0.468
8819,0.502
8820,0.439
8821,0.564
8822,0.557
8823,0.666
8824,0.536
8825,0.427
8826,0.481
8827,0.675
8828,0.68
8829,0.507
8830,0.632
8831,0.524
8832,0.573
8833,0.7
8834,0.711
8835,0.516
8836,0.229
8837,0.418
8838,0.562
8839,0.573
8840,0.702
8841,0.187
8842,0.494
8843,0.451
8844,0.426
8845,0.339
8846,0.222
8847,0.324
8848,0.445
8849,0.543
8850,0.306
8851,0.517
8852,0.611
8853,0.361
8854,0.5
8855,0.33
8856,0.267
8857,0.369
8858,0.392
8859,0.495
8860,0.677
8861,0.554
8862,0.429
8863,0.434
8864,0.431
8865,0.615
8866,0.691
8867,0.708
8868,0.481
8869,0.396
8870,0.385
8871,0.679
8872,0.355
8873,0.629
8874,0.503
8875,0.664
8876,0.326
8877,0.325
8878,0.408
8879,0.37
8880,0.617
8881,0.441
8882,0.478
8883,0.337
8884,0.533
8885,0.54
8886,0.469
8887,0.635
8888,0.418
8889,0.311
8890,0.425
8891,0.478
8892,0.413
8893,0.592
8894,0.526
8895,0.664
8896,0.502
8897,0.329
8898,0.597
8899,0.575
8900,0.576
8901,0.472
8902,0.663
8903,0.532
8904,0.652
8905,0.395
8906,0.387
8907,0.553
8908,0.322
8909,0.626
8910,0.466
8911,0.608
8912,0.505
8913,0.206
8914,0.528
8915,0.466
8916,0.582
8917,0.524
8918,0.629
8919,0.635
8920,0.625
8921,0.291
8922,0.652
8923,0.557
8924,0.462
8925,0.521
8926,0.563
8927,0.522
8928,0.533
8929,0.598
8930,0.663
8931,0.558
8932,0.479
8933,0.521
8934,0.524
8935,0.555
8936,0.505
8937,0.57
8938,0.452
8939,0.604
8940,0.379
8941,0.421
8942,0.546
8943,0.41
8944,0.615
8945,0.681
8946,0.697
8947,0.454
8948,0.346
8949,0.457
8950,0.582
8951,0.58
8952,0.397
8953,0.559
8954,0.635
8955,0.424
8956,0.632
8957,0.428
8958,0.279
8959,0.612
8960,0.659
8961,0.499
8962,0.722
8963,0.53
8964,0.61
8965,0.445
8966,0.646
8967,0.347
8968,0.414
8969,0.606
8970,0.369
8971,0.405
8972,0.384
8973,0.453
8974,0.601
8975,0.466
8976,0.53
8977,0.69
8978,0.289
8979,0.564
8980,0.505
8981,0.558
8982,0.616
8983,0.539
8984,0.456
8985,0.564
8986,0.485
8987,0.514
8988,0.575
8989,0.322
8990,0.499
8991,0.44
8992,0.452
8993,0.571
8994,0.519
8995,0.441
8996,0.568
8997,0.612
8998,0.614
8999,0.343
9000,0.519
9001,0.3
9002,0.509
9003,0.654
9004,0.526
9005,0.511
9006,0.303
9007,0.675
9008,0.538
9009,0.426
9010,0.417
9011,0.59
9012,0.531
9013,0.421
9014,0.7
9015,0.362
9016,0.573
9017,0.725
9018,0.471
9019,0.381
9020,0.521
9021,0.603
9022,0.46
9023,0.547
9024,0.65
9025,0.51
9026,0.479
9027,0.643
9028,0.373
9029,0.529
9030,0.517
9031,0.678
9032,0.56
9033,0.584
9034,0.552
9035,0.507
9036,0.491
9037,0.564
9038,0.462
9039,0.581
9040,0.545
9041,0.31
9042,0.484
9043,0.549
9044,0.561
9045,0.567
9046,0.504
9047,0.517
9048,0.568
9049,0.534
9050,0.596
9051,0.494
9052,0.577
9053,0.722
9054,0.553
9055,0.472
9056,0.465
9057,0.474
9058,0.411
9059,0.498
9060,0.592
9061,0.343
9062,0.601
9063,0.551
9064,0.588
9065,0.472
9066,0.514
9067,0.328
9068,0.581
9069,0.431
9070,0.615
9071,0.518
9072,0.651
9073,0.356
9074,0.285
9075,0.198
9076,0.573
9077,0.499
9078,0.562
9079,0.622
9080,0.636
9081,0.494
9082,0.352
9083,0.51
9084,0.661
9085,0.272
9086,0.19
9087,0.36
9088,0.326
9089,0.593
9090,0.575
9091,0.539
9092,0.499
9093,0.569
9094,0.66
9095,0.432
9096,0.411
9097,0.377
9098,0.553
9099,0.632
9100,0.619
9101,0.48
9102,0.421
9103,0.595
9104,0.224
9105,0.426
9106,0.654
9107,0.524
9108,0.458
9109,0.528
9110,0.719
9111,0.453
9112,0.683
9113,0.707
9114,0.397
9115,0.531
9116,0.524
9117,0.566
9118,0.415
9119,0.379
9120,0.537
9121,0.244
9122,0.604
9123,0.601
9124,0.555
9125,0.755
9126,0.5
9127,0.44
9128,0.27
9129,0.52
9130,0.468
9131,0.291
9132,0.065
9133,0.656
9134,0.634
9135,0.482
9136,0.609
9137,0.453
9138,0.585
9139,0.465
9140,0.703
9141,0.599
9142,0.254
9143,0.6
9144,0.45
9145,0.567
9146,0.366
9147,0.544
9148,0.61
9149,0.159
9150,0.646
9151,0.726
9152,0.587
9153,0.596
9154,0.757
9155,0.572
9156,0.581
9157,0.639
9158,0.433
9159,0.618
9160,0.561
9161,0.592
9162,0.588
9163,0.418
9164,0.338
9165,0.279
9166,0.444
9167,0.535
9168,0.413
9169,0.422
9170,0.672
9171,0.65
9172,0.442
9173,0.362
9174,0.553
9175,0.496
9176,0.57
9177,0.377
9178,0.552
9179,0.466
9180,0.503
9181,0.583
9182,0.443
9183,0.611
9184,0.469
9185,0.147
9186,0.484
9187,0.569
9188,0.414
9189,0.604
9190,0.607
9191,0.323
9192,0.19
9193,0.684
9194,0.57
9195,0.453
9196,0.565
9197,0.381
9198,0.643
9199,0.506
9200,0.707
9201,0.3
9202,0.672
9203,0.523
9204,0.55
9205,0.719
9206,0.524
9207,0.576
9208,0.542
9209,0.203
9210,0.64
9211,0.495
9212,0.524
9213,0.433
9214,0.451
9215,0.3
9216,0.511
9217,0.513
9218,0.237
9219,0.299
9220,0.56
9221,0.308
9222,0.401
9223,0.637
9224,0.628
9225,0.318
9226,0.355
9227,0.489
9228,0.506
9229,0.599
9230,0.551
9231,0.572
9232,0.598
9233,0.597
9234,0.365
9235,0.461
9236,0.699
9237,0.549
9238,0.437
9239,0.576
9240,0.206
9241,0.422
9242,0.546
9243,0.502
9244,0.396
9245,0.233
9246,0.271
9247,0.615
9248,0.403
9249,0.488
9250,0.59
9251,0.551
9252,0.531
9253,0.571
9254,0.52
9255,0.564
9256,0.601
9257,0.532
9258,0.564
9259,0.425
9260,0.6
9261,0.62
9262,0.521
9263,0.408
9264,0.505
9265,0.374
9266,0.433
9267,0.423
9268,0.497
9269,0.516
9270,0.594
9271,0.489
9272,0.609
9273,0.555
9274,0.618
9275,0.49
9276,0.437
9277,0.642
9278,0.57
9279,0.508
9280,0.597
9281,0.594
9282,0.53
9283,0.509
9284,0.661
9285,0.152
9286,0.54
9287,0.573
9288,0.479
9289,0.658
9290,0.554
9291,0.571
9292,0.314
9293,0.503
9294,0.541
9295,0.398
9296,0.506
9297,0.303
9298,0.35
9299,0.617
9300,0.521
9301,0.618
9302,0.597
9303,0.531
9304,0.571
9305,0.476
9306,0.402
9307,0.63
9308,0.504
9309,0.369
9310,0.696
9311,0.557
9312,0.444
9313,0.337
9314,0.568
9315,0.635
9316,0.187
9317,0.601
9318,0.532
9319,0.57
9320,0.484
9321,0.456
9322,0.41
9323,0.502
9324,0.436
9325,0.485
9326,0.315
9327,0.553
9328,0.506
9329,0.461
9330,0.671
9331,0.588
9332,0.581
9333,0.665
9334,0.541
9335,0.594
9336,0.568
9337,0.384
9338,0.575
9339,0.526
9340,0.478
9341,0.526
9342,0.616
9343,0.493
9344,0.596
9345,0.328
9346,0.582
9347,0.566
9348,0.488
9349,0.587
9350,0.353
9351,0.542
9352,0.422
9353,0.557
9354,0.573
9355,0.421
9356,0.512
9357,0.379
9358,0.647
9359,0.627
9360,0.482
9361,0.341
9362,0.628
9363,0.47
9364,0.659
9365,0.547
9366,0.592
9367,0.422
9368,0.594
9369,0.475
9370,0.605
9371,0.469
9372,0.674
9373,0.511
9374,0.417
9375,0.511
9376,0.195
9377,0.605
9378,0.594
9379,0.494
9380,0.385
9381,0.614
9382,0.448
9383,0.582
9384,0.494
9385,0.46
9386,0.52
9387,0.636
9388,0.48
9389,0.656
9390,0.459
9391,0.601
9392,0.227
9393,0.592
9394,0.373
9395,0.527
9396,0.586
9397,0.541
9398,0.723
9399,0.652
9400,0.582
9401,0.441
9402,0.512
9403,0.476
9404,0.478
9405,0.471
9406,0.503
9407,0.555
9408,0.622
9409,0.643
9410,0.574
9411,0.244
9412,0.4
9413,0.497
9414,0.482
9415,0.535
9416,0.635
9417,0.589
9418,0.45
9419,0.682
9420,0.598
9421,0.66
9422,0.691
9423,0.573
9424,0.597
9425,0.61
9426,0.388
9427,0.391
9428,0.66
9429,0.602
9430,0.434
9431,0.623
9432,0.607
9433,0.594
9434,0.565
9435,0.502
9436,0.32
9437,0.465
9438,0.465
9439,0.627
9440,0.469
9441,0.618
9442,0.571
9443,0.759
9444,0.636
9445,0.478
9446,0.654
9447,0.449
9448,0.64
9449,0.538
9450,0.594
9451,0.474
9452,0.461
9453,0.533
9454,0.697
9455,0.617
9456,0.611
9457,0.517
9458,0.515
9459,0.682
9460,0.602
9461,0.511
9462,0.559
9463,0.355
9464,0.505
9465,0.542
9466,0.487
9467,0.531
9468,0.523
9469,0.498
9470,0.491
9471,0.55
9472,0.366
9473,0.657
9474,0.479
9475,0.425
9476,0.578
9477,0.65
9478,0.468
9479,0.601
9480,0.417
9481,0.333
9482,0.521
9483,0.536
9484,0.391
9485,0.386
9486,0.326
9487,0.547
9488,0.59
9489,0.64
9490,0.526
9491,0.483
9492,0.286
9493,0.584
9494,0.642
9495,0.344
9496,0.471
9497,0.438
9498,0.573
9499,0.691
9500,0.444
9501,0.663
9502,0.666
9503,0.548
9504,0.455
9505,0.634
9506,0.143
9507,0.3
9508,0.543
9509,0.564
9510,0.536
9511,0.454
9512,0.255
9513,0.468
9514,0.555
9515,0.378
9516,0.546
9517,0.293
9518,0.527
9519,0.593
9520,0.605
9521,0.617
9522,0.603
9523,0.463
9524,0.492
9525,0.602
9526,0.518
9527,0.431
9528,0.572
9529,0.618
9530,0.52
9531,0.594
9532,0.609
9533,0.241
9534,0.472
9535,0.542
9536,0.608
9537,0.585
9538,0.365
9539,0.5
9540,0.564
9541,0.583
9542,0.514
9543,0.662
9544,0.316
9545,0.517
9546,0.359
9547,0.216
9548,0.512
9549,0.572
9550,0.63
9551,0.494
9552,0.519
9553,0.499
9554,0.203
9555,0.357
9556,0.631
9557,0.465
9558,0.624
9559,0.458
9560,0.597
9561,0.467
9562,0.418
9563,0.645
9564,0.526
9565,0.417
9566,0.464
9567,0.504
9568,0.442
9569,0.489
9570,0.554
9571,0.58
9572,0.459
9573,0.448
9574,0.553
9575,0.404
9576,0.468
9577,0.256
9578,0.613
9579,0.534
9580,0.517
9581,0.575
9582,0.618
9583,0.552
9584,0.395
9585,0.449
9586,0.582
9587,0.454
9588,0.352
9589,0.433
9590,0.427
9591,0.418
9592,0.53
9593,0.413
9594,0.604
9595,0.559
9596,0.448
9597,0.524
9598,0.375
9599,0.529
9600,0.477
9601,0.595
9602,0.396
9603,0.346
9604,0.501
9605,0.643
9606,0.67
9607,0.456
9608,0.504
9609,0.445
9610,0.584
9611,0.616
9612,0.585
9613,0.746
9614,0.373
9615,0.578
9616,0.534
9617,0.578
9618,0.478
9619,0.449
9620,0.598
9621,0.442
9622,0.497
9623,0.655
9624,0.649
9625,0.51
9626,0.38
9627,0.542
9628,0.617
9629,0.408
9630,0.537
9631,0.468
9632,0.723
9633,0.42
9634,0.519
9635,0.564
9636,0.521
9637,0.552
9638,0.521
9639,0.499
9640,0.68
9641,0.603
9642,0.471
9643,0.37
9644,0.356
9645,0.475
9646,0.578
9647,0.655
9648,0.569
9649,0.494
9650,0.604
9651,0.521
9652,0.7
9653,0.442
9654,0.396
9655,0.713
9656,0.469
9657,0.474
9658,0.54
9659,0.665
9660,0.494
9661,0.358
9662,0.53
9663,0.189
9664,0.541
9665,0.488
9666,0.418
9667,0.294
9668,0.581
9669,0.169
9670,0.531
9671,0.62
9672,0.383
9673,0.289
9674,0.462
9675,0.359
9676,0.497
9677,0.415
9678,0.483
9679,0.479
9680,0.426
9681,0.473
9682,0.528
9683,0.591
9684,0.549
9685,0.644
9686,0.608
9687,0.484
9688,0.478
9689,0.45
9690,0.468
9691,0.546
9692,0.546
9693,0.64
9694,0.657
9695,0.405
9696,0.479
9697,0.503
9698,0.338
9699,0.573
9700,0.496
9701,0.54
9702,0.613
9703,0.3
9704,0.35
9705,0.524
9706,0.531
9707,0.559
9708,0.408
9709,0.548
9710,0.581
9711,0.511
9712,0.493
9713,0.329
9714,0.528
9715,0.238
9716,0.576
9717,0.703
9718,0.605
9719,0.55
9720,0.452
9721,0.596
9722,0.44
9723,0.368
9724,0.586
9725,0.15
9726,0.525
9727,0.583
9728,0.509
9729,0.649
9730,0.637
9731,0.443
9732,0.422
9733,0.644
9734,0.366
9735,0.41
9736,0.154
9737,0.213
9738,0.467
9739,0.563
9740,0.52
9741,0.577
9742,0.489
9743,0.376
9744,0.398
9745,0.388
9746,0.51
9747,0.408
9748,0.476
9749,0.518
9750,0.398
9751,0.283
9752,0.407
9753,0.564
9754,0.506
9755,0.628
9756,0.492
9757,0.644
9758,0.626
9759,0.235
9760,0.705
9761,0.449
9762,0.454
9763,0.627
9764,0.535
9765,0.649
9766,0.445
9767,0.472
9768,0.389
9769,0.567
9770,0.168
9771,0.573
9772,0.458
9773,0.57
9774,0.532
9775,0.235
9776,0.487
9777,0.34
9778,0.503
9779,0.416
9780,0.37
9781,0.53
9782,0.636
9783,0.572
9784,0.513
9785,0.643
9786,0.599
9787,0.731
9788,0.42
9789,0.635
9790,0.451
9791,0.472
9792,0.442
9793,0.404
9794,0.474
9795,0.372
9796,0.211
9797,0.501
9798,0.551
9799,0.371
9800,0.577
9801,0.471
9802,0.609
9803,0.473
9804,0.435
9805,0.49
9806,0.456
9807,0.182
9808,0.556
9809,0.627
9810,0.562
9811,0.568
9812,0.361
9813,0.126
9814,0.37
9815,0.613
9816,0.53
9817,0.655
9818,0.593
9819,0.578
9820,0.572
9821,0.497
9822,0.614
9823,0.686
9824,0.477
9825,0.532
9826,0.676
9827,0.465
9828,0.608
9829,0.306
9830,0.266
9831,0.242
9832,0.422
9833,0.494
9834,0.481
9835,0.525
9836,0.524
9837,0.496
9838,0.608
9839,0.402
9840,0.493
9841,0.45
9842,0.397
9843,0.406
9844,0.675
9845,0.559
9846,0.496
9847,0.479
9848,0.597
9849,0.502
9850,0.469
9851,0.511
9852,0.639
9853,0.596
9854,0.627
9855,0.667
9856,0.615
9857,0.549
9858,0.569
9859,0.556
9860,0.595
9861,0.492
9862,0.534
9863,0.298
9864,0.154
9865,0.642
9866,0.407
9867,0.485
9868,0.553
9869,0.265
9870,0.583
9871,0.457
9872,0.44
9873,0.179
9874,0.271
9875,0.398
9876,0.305
9877,0.566
9878,0.356
9879,0.358
9880,0.388
9881,0.429
9882,0.538
9883,0.587
9884,0.58
9885,0.396
9886,0.633
9887,0.528
9888,0.644
9889,0.565
9890,0.569
9891,0.418
9892,0.501
9893,0.645
9894,0.617
9895,0.364
9896,0.47
9897,0.575
9898,0.686
9899,0.502
9900,0.316
9901,0.496
9902,0.418
9903,0.461
9904,0.28
9905,0.409
9906,0.592
9907,0.453
9908,0.523
9909,0.441
9910,0.494
9911,0.387
9912,0.557
9913,0.34
9914,0.684
9915,0.449
9916,0.448
9917,0.658
9918,0.529
9919,0.554
9920,0.526
9921,0.597
9922,0.613
9923,0.104
9924,0.623
9925,0.633
9926,0.447
9927,0.464
9928,0.334
9929,0.397
9930,0.643
9931,0.291
9932,0.565
9933,0.485
9934,0.406
9935,0.428
9936,0.459
9937,0.662
9938,0.564
9939,0.62
9940,0.49
9941,0.474
9942,0.66
9943,0.293
9944,0.582
9945,0.547
9946,0.379
9947,0.456
9948,0.538
9949,0.64
9950,0.552
9951,0.492
9952,0.366
9953,0.534
9954,0.388
9955,0.488
9956,0.571
9957,0.594
9958,0.428
9959,0.246
9960,0.66
9961,0.205
9962,0.701
9963,0.604
9964,0.521
9965,0.605
9966,0.409
9967,0.37
9968,0.353
9969,0.61
9970,0.556
9971,0.577
9972,0.583
9973,0.362
9974,0.492
9975,0.196
9976,0.461
9977,0.556
9978,0.701
9979,0.502
9980,0.509
9981,0.626
9982,0.343
9983,0.55
9984,0.639
9985,0.454
9986,0.524
9987,0.17
9988,0.459
9989,0.476
9990,0.57
9991,0.663
9992,0.618
9993,0.362
9994,0.543
9995,0.402
9996,0.358
9997,0.526
9998,0.504
9999,0.497
